#{"t_start": 1768085098.483219, "env_id": "LunarLander-v3"}
r,l,t
-351.158977,123,0.032129
-131.249228,91,0.038342
-207.867674,68,0.04344
-28.939202,100,0.050551
-165.300501,102,0.05915
-402.625129,96,0.065756
-157.741211,85,0.071311
-229.135721,81,0.07694
-119.822411,103,0.08621
-428.380855,88,0.091955
-278.337247,92,0.117038
-145.120616,97,0.179822
-93.955607,76,0.22911
-274.812815,85,0.282241
-311.57912,100,0.347654
-208.099682,110,0.420278
-360.737003,78,0.468217
-269.969933,111,0.531792
-86.570463,84,0.58053
-188.990665,90,0.631952
-116.633163,91,0.70575
-63.670741,64,0.760032
-285.382006,84,0.826761
-68.40666,69,0.891344
-84.999819,76,0.972471
-89.557587,76,1.054756
-126.740455,84,1.106531
-191.703384,115,1.186375
-220.266212,72,1.237966
-337.270867,129,1.31882
-87.202476,79,1.385758
-69.38475,60,1.427418
-206.769781,116,1.507102
-85.0974,119,1.595491
-253.909275,72,1.639985
-192.40255,108,1.715554
-88.59484,77,1.780757
-234.727873,106,1.849694
-230.209399,156,1.949725
-49.94575,81,1.999291
-147.11626,81,2.049685
-125.674536,164,2.155789
-196.601259,73,2.200138
-172.154179,177,2.31144
-396.369773,105,2.379335
-77.567211,73,2.424358
-351.764538,131,2.504664
-39.121563,62,2.542305
-298.610703,87,2.60116
-53.555935,67,2.643532
-197.870528,64,2.683792
-321.337796,99,2.7496
-283.899945,130,2.840446
-128.254783,113,2.912177
-112.365976,73,2.958165
-77.737107,95,3.015851
-242.438314,126,3.099613
-126.341317,122,3.177915
-137.090309,69,3.224116
-135.426479,154,3.320152
-76.311342,82,3.379885
-243.303812,130,3.465216
-106.116555,164,3.575355
-302.628464,105,3.643653
-146.410231,76,3.719645
-238.852583,102,3.815069
-264.384158,158,3.922265
-199.154788,102,3.995939
-135.065018,84,4.058017
-70.311472,145,4.158165
-116.257407,107,4.225669
-200.346566,66,4.270973
-110.566406,78,4.326575
-74.380727,80,4.383242
-119.76668,116,4.464233
-221.875705,121,4.556381
-140.924152,123,4.643057
-99.836924,161,4.75356
-46.410841,76,4.801088
-102.495695,92,4.855897
-150.760751,102,4.920769
-116.129495,67,4.958214
-23.68867,75,5.006026
-217.913702,112,5.074528
-98.055605,96,5.133742
-70.799483,78,5.182543
-186.383143,93,5.236567
-46.547647,141,5.322178
-155.078497,84,5.380008
-159.462215,84,5.432942
-339.051916,137,5.517365
-129.099689,103,5.58196
4.514688,113,5.660841
-120.285942,111,5.726352
-211.377824,136,5.81498
-225.802692,160,5.911006
3.818352,132,5.998971
-122.895254,92,6.058364
-44.818044,161,6.160732
-136.081865,150,6.255447
-143.082624,94,6.316392
-104.382093,104,6.384961
-308.156203,139,6.473383
-186.331794,160,6.573004
-153.573985,74,6.621981
-338.222391,107,6.690311
-263.490892,111,6.766909
-101.992602,85,6.821759
-106.20272,155,6.923677
-156.099148,137,7.00953
-130.01533,196,7.129725
-140.803345,118,7.205365
-173.446043,95,7.267022
-43.773251,125,7.34126
-109.024547,110,7.408997
-74.143044,102,7.473948
-56.648124,126,7.554913
-19.964202,92,7.617014
-66.377036,140,7.718
-153.086249,113,7.801819
-78.917122,112,7.871787
-2.569792,123,7.949296
-108.204925,120,8.026078
-86.144258,135,8.113689
-301.395581,104,8.189866
-113.405687,200,8.317721
-154.906337,94,8.376042
-173.422062,124,8.457353
-108.869696,162,8.564211
-171.194973,113,8.638854
-249.008897,163,8.743597
-277.64399,134,8.830492
-126.911493,221,8.976628
-55.450196,158,9.074514
-127.673042,107,9.143903
34.626229,1000,9.837472
-100.274692,130,9.926299
-94.438726,128,10.010075
-21.989044,113,10.090481
-88.285701,179,10.214177
-84.112459,153,10.337878
-64.499027,127,10.420424
-72.978029,161,10.52275
-33.818813,180,10.644756
-88.704096,105,10.738298
-104.132669,248,10.910527
-90.721419,179,11.036632
-16.357171,282,11.248749
-178.858481,118,11.333576
17.948313,148,11.43482
-97.837711,135,11.521123
-91.887705,118,11.60001
-28.829076,157,11.708032
-82.934655,128,11.796925
-136.308304,157,11.904377
-112.954873,246,12.065403
-94.791271,183,12.191197
-43.460066,136,12.284829
38.068476,240,12.456545
-83.221613,154,12.566263
-67.100643,216,12.715602
25.617396,1000,13.442039
-69.130279,163,13.552392
-59.140686,186,13.720025
-59.274694,104,13.804114
-44.464309,256,13.979087
-67.805786,119,14.058917
80.916457,1000,14.808724
-106.162392,327,15.06825
-51.536696,310,15.279959
-95.426583,632,15.721495
-79.109908,634,16.172199
-86.184059,324,16.428088
-57.74453,548,16.802497
62.602169,1000,17.523721
-64.792788,131,17.615868
-95.15295,628,18.097989
-44.350766,371,18.35601
87.36229,1000,19.094912
-28.984019,1000,19.828765
-3.402856,1000,20.590883
-57.075312,1000,21.352597
-71.457935,1000,22.102966
-42.616435,1000,22.850574
-4.527507,1000,23.617674
-42.07255,1000,24.38966
-41.83976,1000,25.148357
-56.904638,1000,25.924923
-96.296463,1000,26.694803
-47.499472,1000,27.467642
-112.6302,1000,28.276944
-100.321255,1000,29.086351
-56.868475,1000,29.900676
-89.428211,1000,30.735257
-169.895625,832,31.440528
-51.203074,1000,32.245111
4.936704,1000,33.096603
-55.516236,1000,33.920005
-109.307131,920,34.642502
-93.202393,561,35.077924
-151.236827,715,35.643762
-136.132475,849,36.313303
-120.624388,462,36.697682
14.500869,1000,37.491158
164.387415,859,38.205664
-57.999421,237,38.389343
-62.918786,238,38.617536
-90.395538,401,38.93451
-91.098177,601,39.417119
-86.732266,223,39.619494
-92.56599,126,39.729775
-107.276077,136,39.838364
-55.816968,428,40.171457
-79.775604,159,40.32706
-123.152293,392,40.640136
131.92711,825,41.302809
-30.114763,339,41.577013
197.342033,757,42.187849
158.288906,711,42.762693
73.777814,1000,43.573367
-91.23176,390,43.885073
-165.399951,461,44.252817
105.605362,567,44.709138
-66.640832,137,44.818829
-88.865135,330,45.11966
-62.331055,161,45.248214
-64.417416,240,45.444262
-84.039211,262,45.649729
-116.10057,240,45.842206
-66.041973,148,45.962087
-129.944001,517,46.368353
162.812867,600,46.84441
-60.812637,190,46.99696
148.99696,566,47.450175
-66.099418,366,47.733826
-38.639702,311,47.983912
-82.139965,335,48.268892
88.705875,1000,49.095763
-110.31872,511,49.539125
-61.160549,133,49.65538
-52.919611,243,49.868551
-81.519606,333,50.127966
144.44584,407,50.450629
-40.98707,360,50.763186
233.366361,565,51.215953
-71.23009,169,51.358457
-102.670937,468,51.759283
-50.687562,150,51.886521
-101.236604,236,52.073778
-35.434926,139,52.180208
220.814356,631,52.656446
-69.054171,340,52.924835
-56.500365,182,53.081554
-90.767079,498,53.473644
-90.594344,104,53.553885
-46.492852,176,53.69582
-42.575053,316,53.95774
-105.41462,389,54.258413
-72.734799,406,54.584804
222.72872,522,55.040165
191.734663,678,55.602067
24.435355,343,55.872345
-24.132498,257,56.079581
-60.681719,150,56.196275
-71.034075,272,56.414141
182.468154,568,56.854091
162.476286,363,57.136134
209.066265,259,57.354411
-27.081563,133,57.461397
-46.746872,156,57.581563
-64.261975,174,57.715785
-10.680822,84,57.779431
181.268019,301,58.02303
-82.214076,329,58.288715
-85.890268,282,58.534623
-87.498545,446,58.901338
-67.398342,116,58.994959
-119.023894,191,59.167518
-71.902716,281,59.393466
-106.476415,156,59.517292
-100.908863,623,60.011273
7.846121,318,60.264468
185.356917,682,60.819366
-61.919831,120,60.932113
192.086453,420,61.267794
-27.311079,260,61.482286
157.466457,383,61.836548
196.357694,832,62.61405
-5.982995,367,62.917987
164.924729,591,63.386794
-48.100965,71,63.44441
-39.673638,240,63.638712
261.268225,367,63.969179
125.453222,360,64.257086
-36.465172,297,64.504363
-51.122766,363,64.807838
206.621336,340,65.087962
-54.217245,222,65.264381
-129.46256,151,65.387652
2.689575,226,65.563043
-97.101614,138,65.701938
190.550224,359,65.989916
-87.318667,279,66.210475
-36.341074,196,66.368849
190.509532,400,66.694044
132.541669,676,67.251731
-62.753467,132,67.356464
-82.827715,272,67.579561
-0.163025,232,67.768852
167.617877,546,68.199505
-76.464509,270,68.41037
-85.993223,235,68.614964
139.257373,453,69.013348
144.774379,471,69.393594
-29.866312,286,69.615708
53.585722,850,70.29609
227.183069,378,70.601295
-21.927939,370,70.893961
-87.197821,383,71.201959
-6.836594,126,71.29926
159.720992,268,71.518214
1.3062,188,71.67678
208.365099,398,71.997351
-13.009188,305,72.250111
199.664698,431,72.63071
7.910935,216,72.829045
-23.993111,129,72.929755
-49.739507,303,73.17182
-47.059998,391,73.502884
-75.604181,547,73.944195
175.895255,363,74.244753
-48.001543,320,74.50438
155.181153,271,74.736604
-118.012113,398,75.058238
156.744492,603,75.559389
-25.260819,236,75.751338
-63.770657,136,75.862567
-98.104199,394,76.18057
194.442264,527,76.606673
160.152823,300,76.852095
121.206417,619,77.352551
-127.767092,595,77.831347
97.307361,671,78.397748
-61.540544,385,78.730837
-1.164268,249,78.930767
-87.70545,526,79.349403
-46.733206,630,79.868742
173.638478,691,80.476387
-63.293536,481,80.859539
216.143388,362,81.174556
-3.148502,256,81.416134
272.832968,362,81.726192
249.169653,372,82.056367
166.946483,634,82.60149
72.024737,1000,83.436344
-53.163601,214,83.604657
232.236603,424,84.028109
47.043333,266,84.258486
191.215062,524,84.696175
262.7371,389,85.015685
-87.343628,850,85.706026
160.210682,959,86.52418
-91.636226,629,87.023819
293.464501,287,87.248909
150.203762,818,87.935756
270.298951,416,88.267707
198.461137,473,88.662401
160.075853,729,89.258582
190.561998,582,89.745259
255.767456,386,90.051468
38.725716,1000,90.863255
11.573105,1000,91.678801
162.699908,776,92.317763
-37.653,1000,93.121351
246.559699,562,93.569002
116.749312,798,94.198569
-26.092111,1000,94.996385
201.92661,629,95.528668
24.144698,1000,96.323222
135.849458,987,97.127343
226.320625,606,97.611007
-56.611638,1000,98.408125
226.423522,609,98.910986
174.71472,858,99.59332
-25.858048,1000,100.423242
32.669377,1000,101.234875
205.70424,808,101.884128
173.936143,910,102.632836
235.349572,546,103.082011
-30.737373,1000,103.9303
161.604546,857,104.617268
130.068534,959,105.396219
176.189526,737,106.028688
130.102057,973,106.828665
41.193436,1000,107.630796
168.368577,863,108.335829
240.403302,591,108.837694
234.435402,590,109.329501
184.401111,743,109.932073
207.083018,737,110.531705
190.973252,786,111.194123
-18.030934,1000,112.019116
149.081301,961,112.807428
-30.598777,1000,113.598395
-17.019872,1000,114.410666
192.898247,581,114.894861
111.194277,833,115.5792
224.96149,735,116.171571
146.924539,839,116.856228
97.477893,950,117.632866
290.951366,367,117.927289
-58.664968,1000,118.739302
-68.922789,1000,119.569361
167.095487,708,120.183057
268.796306,473,120.569469
156.721746,827,121.251529
75.350841,984,122.116492
219.592123,658,122.70491
199.93382,571,123.174678
158.62446,802,123.818618
180.188165,507,124.225013
198.675589,601,124.701428
146.134163,484,125.097202
215.776378,461,125.516857
194.140307,688,126.123158
222.775674,606,126.673554
234.89432,555,127.122228
182.975201,719,127.71144
209.473712,661,128.264214
199.168478,566,128.760766
149.11288,505,129.206997
229.960136,466,129.636889
72.881367,1000,130.498163
212.066387,415,130.936217
185.845485,520,131.49321
220.669905,498,132.009454
177.271937,657,132.596506
193.079047,627,133.16592
175.609038,606,133.672263
198.364894,599,134.198958
218.956112,483,134.659178
220.016985,531,135.144834
184.53848,419,135.537043
227.915072,427,135.936313
207.540024,754,136.634158
209.82965,577,137.176208
78.286606,1000,138.074225
157.215279,596,138.625929
192.149488,705,139.246865
224.534224,343,139.560074
149.420611,853,140.22595
214.681467,492,140.624438
201.406023,605,141.118626
179.721006,591,141.637256
205.688221,563,142.162341
202.873653,559,142.610034
215.678477,450,143.001128
90.323651,1000,143.869218
245.496995,448,144.253114
226.374006,573,144.745334
233.477,845,145.468281
277.524208,476,145.858271
218.199085,579,146.317895
194.492622,674,146.867127
233.270818,509,147.303636
213.790371,624,147.818728
278.447664,336,148.109155
111.574767,749,148.801231
232.555448,420,149.175473
214.815861,515,149.608728
265.842474,543,150.053071
212.52145,529,150.483092
183.080561,447,150.8417
282.925237,422,151.197566
184.136996,457,151.633682
195.752798,648,152.241641
232.565027,425,152.660568
204.487929,442,153.046689
220.694236,424,153.452434
247.554243,436,153.837893
231.896217,506,154.277958
190.114241,723,154.889215
228.788697,417,155.226198
200.773333,542,155.651675
226.450555,595,156.171058
205.956543,447,156.565973
228.305073,663,157.165626
206.439758,421,157.537803
215.21018,550,158.038109
186.270941,524,158.47876
193.874421,532,158.993374
207.485155,445,159.388874
224.784991,482,159.857751
250.362946,364,160.181153
193.935125,629,160.724951
226.510161,442,161.141074
172.992429,774,161.837568
262.99441,538,162.329496
226.377754,353,162.65651
286.968825,344,162.958284
221.481949,519,163.484235
231.297842,529,163.970278
261.435743,383,164.308984
236.968189,509,164.802199
243.962439,407,165.207531
240.96385,363,165.579806
239.954332,502,166.060796
230.104154,352,166.439128
197.142038,593,166.98089
227.425475,459,167.377509
235.560495,462,167.753524
244.973387,570,168.274074
213.604784,499,168.720059
240.084609,482,169.161537
253.901844,411,169.543711
225.554848,618,170.104393
221.233215,449,170.505878
275.518804,543,171.012041
175.767249,585,171.581307
284.706181,290,171.848398
215.244481,858,172.623538
254.340592,390,172.973949
273.47912,323,173.266144
242.251159,374,173.603759
214.137582,524,174.027998
229.991176,804,174.692678
240.841774,368,174.986774
6.67716,255,175.19087
240.988886,462,175.609165
214.914885,442,175.967043
227.296344,425,176.318428
253.111115,396,176.636062
223.921578,395,176.981951
210.317989,829,177.653111
189.099319,607,178.147264
221.726788,393,178.475516
192.649759,518,178.896843
220.193196,482,179.28596
283.163459,385,179.60848
179.574176,530,180.052284
208.619629,376,180.360035
249.282254,397,180.675863
-21.618465,244,180.865998
247.727603,412,181.225242
250.627008,406,181.594863
274.9754,306,181.870409
243.746466,479,182.301429
220.885301,561,182.780513
100.611477,1000,183.632228
282.884708,337,183.931143
227.235265,556,184.381516
168.225821,623,184.87949
253.696857,811,185.576972
275.999133,372,185.875284
164.291988,730,186.482867
224.944718,420,186.827684
257.586384,429,187.171808
228.336322,625,187.67248
224.19316,721,188.264019
101.721556,1000,189.068579
249.093777,522,189.487737
230.411155,466,189.857442
286.792431,481,190.272423
192.994954,587,190.761526
220.246812,882,191.483894
258.996309,381,191.788219
237.051495,378,192.124497
207.250047,478,192.510081
288.090203,544,192.98143
221.219301,533,193.414687
157.097655,588,193.915129
239.468649,405,194.23084
221.420125,902,194.971985
237.529638,428,195.324174
200.427806,681,195.868348
187.597871,502,196.272146
197.855131,434,196.632901
241.197606,443,196.995947
-236.95253,669,197.569108
184.571803,633,198.075738
205.614603,455,198.440106
229.379426,461,198.807974
34.82003,1000,199.625951
264.469217,459,199.9904
213.248115,666,200.550616
252.343119,551,200.992345
202.856906,597,201.495302
275.451446,385,201.816106
185.311769,579,202.276757
216.617892,350,202.559101
256.578557,361,202.853854
225.088334,444,203.236475
235.369876,409,203.583501
262.084178,346,203.875557
253.583639,380,204.200104
212.687948,363,204.504843
197.922563,412,204.841301
165.693162,559,205.287268
241.972441,411,205.645359
192.172298,701,206.212569
170.721446,635,206.732456
253.665548,392,207.047333
160.564064,439,207.413843
204.339246,599,207.902244
222.950534,501,208.297826
243.530007,392,208.610212
252.270962,444,208.97155
285.087907,353,209.252126
254.673474,422,209.591701
27.827428,229,209.770052
241.169712,445,210.130223
231.951904,412,210.485958
247.602303,430,210.831839
210.644746,787,211.478004
215.521846,496,211.901441
214.469015,518,212.329751
208.294778,597,212.816047
203.302699,425,213.161602
170.071755,584,213.636576
171.324215,873,214.373164
194.358815,523,214.791906
210.0102,508,215.191083
26.100966,1000,216.0201
227.620654,494,216.415548
262.626911,372,216.728692
230.449531,513,217.139321
242.846881,461,217.516457
239.707182,360,217.799936
209.155702,612,218.294488
257.565116,432,218.651248
206.761805,500,219.07975
272.631728,461,219.450548
268.982184,364,219.763731
226.142521,474,220.137984
221.900813,442,220.525816
206.186362,458,220.899713
225.966678,478,221.286914
236.347128,418,221.624308
279.560919,333,221.888594
186.483986,471,222.268398
228.475454,655,222.825163
211.800462,510,223.250978
228.087764,446,223.62004
291.311452,377,223.929838
264.800207,412,224.283781
226.682977,526,224.700832
243.362899,407,225.058078
206.37449,541,225.502882
205.25983,441,225.888959
282.550353,387,226.201446
212.7176,629,226.741457
198.303182,526,227.166272
282.283305,535,227.631288
220.033142,429,227.973216
193.720793,595,228.448905
252.411811,415,228.782806
263.807386,423,229.189889
226.711014,418,229.566056
22.12584,270,229.810613
268.369552,443,230.179232
271.100717,391,230.50007
274.056206,325,230.781092
262.627253,431,231.12945
256.938584,373,231.439051
221.882716,383,231.762928
284.377931,346,232.048786
248.051205,587,232.539427
233.666509,481,232.92504
226.068748,386,233.251529
209.993335,432,233.603954
277.579421,347,233.899226
205.947572,547,234.4103
238.987118,460,234.783102
250.818656,407,235.11119
269.95189,331,235.380066
210.001474,471,235.779848
206.347273,388,236.109671
234.307688,397,236.43766
232.950124,442,236.796046
215.215135,537,237.245565
227.827945,393,237.568394
244.3306,317,237.828393
221.402665,498,238.239161
250.13442,344,238.52027
277.300888,326,238.78586
264.497472,443,239.143924
282.999607,350,239.431405
223.61616,388,239.780787
194.859781,570,240.226952
246.825823,306,240.479605
-30.038423,287,240.713141
253.503803,380,241.030084
202.100877,666,241.604759
256.317855,317,241.901643
268.168723,650,242.509089
246.249727,372,242.818385
295.992969,342,243.093086
288.022471,313,243.350853
9.669959,263,243.559549
258.900673,541,244.01899
241.292892,388,244.338625
271.060612,364,244.661886
267.727919,362,244.954436
198.231333,573,245.426529
290.002015,427,245.774042
280.940699,330,246.037493
235.831266,371,246.337695
269.783774,455,246.751999
229.664825,468,247.155717
214.859378,409,247.491754
252.928654,469,247.875546
245.497061,501,248.272079
222.235767,465,248.691592
258.276669,409,249.034837
193.439452,573,249.505494
259.833235,450,249.860929
241.523375,612,250.351203
250.004404,501,250.75089
209.583149,388,251.080063
254.514258,374,251.382138
226.770244,547,251.833695
286.883056,311,252.081931
252.189004,342,252.355183
248.749963,355,252.668746
206.841895,480,253.058631
235.136186,664,253.615647
235.917576,500,254.025796
209.786302,444,254.378423
202.417387,381,254.709707
258.349341,324,254.972603
257.043073,374,255.268209
229.928423,324,255.555186
265.427742,413,255.905308
249.609175,334,256.169402
268.735185,321,256.433371
261.876368,348,256.752903
254.932809,275,256.984039
244.654557,322,257.257636
253.906833,410,257.602275
270.445633,408,257.948255
199.451518,407,258.276586
245.655846,318,258.544352
252.397559,361,258.847414
273.764598,329,259.134597
280.459699,380,259.452517
263.545558,313,259.711942
142.503695,1000,260.563353
241.837287,331,260.829134
257.673731,296,261.111694
244.079786,336,261.386353
257.36357,500,261.818596
288.470752,520,262.261437
257.895036,311,262.544657
231.079504,313,262.804648
233.783827,534,263.25636
265.716638,366,263.605921
212.798192,351,263.902108
249.155779,412,264.250394
307.28011,237,264.44241
219.952172,302,264.693894
287.272495,318,264.988205
210.476415,319,265.256218
280.552299,299,265.504733
253.394733,297,265.762279
221.454224,351,266.057098
266.233141,514,266.491578
262.300131,302,266.741553
250.889672,345,267.035489
195.594916,348,267.335424
267.049866,424,267.683504
237.678842,409,268.017544
247.919612,321,268.288283
244.641436,365,268.594827
202.744992,418,268.93343
217.721835,382,269.238333
33.37844,254,269.483023
272.376174,356,269.770506
260.421413,322,270.028666
244.230385,340,270.295118
230.34679,353,270.586737
259.975126,300,270.834548
225.638114,279,271.070302
250.10115,422,271.422483
18.16681,235,271.612448
267.734898,477,272.035132
244.750138,459,272.420293
117.125059,1000,273.238455
241.971852,290,273.467912
243.258092,301,273.716084
286.907831,318,273.970079
239.557249,294,274.206425
238.607242,321,274.464301
241.535688,348,274.748171
272.369828,268,274.977623
268.919471,315,275.233768
239.18111,317,275.491776
45.928862,240,275.687403
246.774536,356,275.974933
286.14161,303,276.213519
230.19359,298,276.45127
43.647217,219,276.633407
300.513995,334,276.910575
289.493774,259,277.119918
255.363513,273,277.349174
266.203537,287,277.595793
278.368339,472,277.983055
89.565043,202,278.146134
283.897442,349,278.436254
271.118876,361,278.736857
269.213102,299,278.982688
291.635507,396,279.304426
261.285396,260,279.561033
238.137301,239,279.758249
265.509456,275,279.985391
59.267749,164,280.121115
38.812886,236,280.308718
263.930469,260,280.561008
238.794949,310,280.814496
251.715724,259,281.020505
247.68388,294,281.271344
270.221138,263,281.495578
33.882468,227,281.678497
220.388557,279,281.905925
262.948047,267,282.123686
242.205871,312,282.383988
269.506355,447,282.762416
67.854621,228,282.950234
219.188577,304,283.211435
248.717152,328,283.484851
256.976424,268,283.707548
110.732245,1000,284.539094
290.171363,262,284.750071
24.268375,214,284.924159
76.051181,203,285.102613
291.79588,477,285.489793
36.69393,204,285.653287
273.002928,352,285.951101
214.816121,340,286.222427
293.635941,312,286.479096
265.966672,321,286.744957
-0.163888,203,286.943813
259.224166,288,287.173421
295.541667,473,287.570779
228.991271,377,287.882288
240.11072,317,288.162899
296.412282,387,288.476218
232.413957,287,288.71216
214.19159,945,289.487107
262.729905,282,289.713627
244.948918,250,289.909654
284.84025,301,290.150949
252.952233,258,290.362539
242.600766,299,290.609202
9.469639,237,290.805763
265.115734,678,291.358274
242.852102,283,291.604542
251.832742,359,291.898424
253.279596,249,292.093921
278.57817,331,292.372593
254.630929,319,292.668715
257.676868,280,292.898474
248.132835,295,293.145457
260.245304,240,293.338987
278.516123,291,293.57606
258.481609,367,293.87082
264.157279,288,294.105778
236.024723,355,294.388678
271.398568,259,294.605213
279.103845,296,294.853369
294.317987,300,295.108009
256.943895,323,295.37754
244.835045,372,295.691209
289.423674,307,295.951275
268.090776,346,296.225279
253.237458,273,296.445745
67.000215,227,296.625822
294.905847,323,296.895534
224.062222,297,297.131819
279.31392,274,297.351797
241.237067,277,297.57456
243.214271,494,297.985628
237.89407,325,298.243359
243.016085,353,298.529356
274.472568,310,298.901396
266.112631,247,299.12398
251.983012,360,299.441728
25.137017,177,299.597137
290.487004,320,299.870804
238.349637,411,300.200602
260.821013,232,300.386559
258.61881,344,300.655915
291.729092,291,300.893444
253.859107,316,301.157489
266.101269,312,301.414832
248.176136,336,301.71077
31.150724,265,302.002077
261.287238,277,302.253882
254.097723,287,302.516414
273.720036,291,302.771289
231.507847,277,303.004997
269.784412,385,303.338821
241.602469,322,303.595544
272.143083,318,303.851613
257.050929,309,304.111416
271.531209,347,304.396566
270.046414,292,304.630901
230.683192,321,304.889574
58.535798,178,305.030143
222.195692,276,305.270438
241.559716,339,305.549501
244.637169,284,305.778016
49.117931,207,305.945935
233.056543,295,306.190043
69.151401,206,306.353992
260.754138,240,306.550298
56.911805,208,306.712734
298.140158,276,306.941393
261.821537,359,307.218847
45.598868,224,307.399561
245.105594,253,307.604918
287.205182,259,307.816153
78.966255,225,307.991738
245.668237,343,308.258157
256.809067,314,308.503588
239.356506,274,308.720726
230.9484,288,308.95383
263.335907,330,309.218693
254.586627,284,309.444487
216.508356,792,310.087173
205.85,280,310.306718
241.855327,442,310.696139
238.052422,303,310.948579
223.421816,440,311.299864
253.072089,366,311.592754
267.922073,310,311.852115
270.054927,278,312.079105
-18.375676,278,312.297005
243.889356,359,312.590153
248.943843,272,312.84427
240.981,351,313.123605
203.804762,295,313.368748
263.771559,287,313.601973
162.446435,447,313.953454
263.07765,323,314.228013
-68.740621,330,314.496897
231.2981,376,314.795074
1.03115,247,314.993542
-114.904591,640,315.569595
298.290253,315,315.826036
213.476941,408,316.163585
98.477629,1000,317.003131
227.636119,527,317.430509
270.656586,265,317.644202
271.396637,286,317.868426
-113.228145,694,318.429955
239.148625,372,318.729821
260.641864,353,319.030726
217.277778,501,319.466909
209.903081,406,319.823802
225.847959,353,320.103096
241.814071,387,320.414183
258.346846,281,320.644546
251.476321,332,320.907458
225.712738,320,321.194595
262.59873,337,321.479435
244.707469,323,321.764096
217.15821,332,322.033612
220.173826,513,322.449774
257.861695,446,322.850111
265.685421,311,323.100779
243.194578,491,323.502778
234.615416,370,323.797526
234.278436,363,324.099123
47.273415,189,324.24752
204.35502,382,324.564018
221.771383,413,324.925443
226.648241,373,325.256792
215.41281,474,325.657044
27.95935,271,325.877354
263.481631,410,326.216875
222.267649,486,326.607096
257.093322,212,326.77705
47.170655,224,326.971053
264.96153,407,327.319729
33.737546,204,327.495546
242.05978,447,327.861764
229.135216,356,328.157192
255.506403,311,328.408894
38.253259,224,328.597677
278.767944,445,328.96069
