#{"t_start": 1768084357.9020345, "env_id": "LunarLander-v3"}
r,l,t
-351.158977,123,0.026691
-131.249228,91,0.032655
-207.867674,68,0.040897
-28.939202,100,0.047735
-165.300501,102,0.056561
-402.625129,96,0.063193
-157.741211,85,0.070228
-229.135721,81,0.083592
-119.822411,103,0.111295
-428.380855,88,0.12025
-278.337247,92,0.152844
-163.408793,98,0.240014
-264.038447,112,0.342611
-108.735406,110,0.416964
-87.754509,85,0.476349
-292.029799,83,0.549053
-120.006969,125,0.653573
-158.505157,75,0.693619
-293.01547,134,0.765759
-395.489059,100,0.826593
-101.988534,76,0.871667
-339.421116,83,0.91641
-257.051614,114,0.997669
-158.855081,116,1.070261
-104.890493,70,1.119162
-261.50696,84,1.172579
-336.303957,103,1.233835
-210.505735,86,1.284467
-223.987417,72,1.326257
-220.092078,74,1.368893
-228.986686,100,1.426263
-66.031778,72,1.468403
-73.499403,70,1.506868
36.157679,115,1.58622
-257.071274,124,1.651021
-74.801214,85,1.708203
-118.063604,82,1.76566
-261.726784,109,1.822724
-137.288016,86,1.869827
-72.971779,137,1.942852
-81.971271,76,1.989918
-150.233183,69,2.02591
-426.271496,88,2.07399
-119.71149,73,2.113892
-127.298117,101,2.187698
-344.743577,89,2.265162
-87.94418,58,2.314327
-98.246552,123,2.390306
-395.804969,82,2.44295
-304.908427,80,2.497548
-116.508979,84,2.556579
-125.391665,76,2.598902
-89.923563,113,2.673095
-167.698772,114,2.741894
-359.415783,100,2.801997
-372.853716,156,2.895015
-70.268987,60,2.933174
-153.314184,125,3.008155
-184.387182,148,3.098686
-399.349192,102,3.168796
-78.13295,67,3.212855
-99.010153,87,3.261194
-86.649102,65,3.304107
-122.167712,81,3.352501
-243.404716,107,3.42003
-494.848933,90,3.472376
-299.506243,116,3.543602
-46.780099,75,3.58418
-90.565405,108,3.645329
-146.514859,108,3.708324
-413.626294,110,3.765696
-142.372494,91,3.814683
-142.199543,63,3.852741
-202.16967,132,3.924261
-105.448853,70,3.961772
-109.489011,131,4.032752
-140.900179,124,4.10316
-186.908105,76,4.143874
-252.904556,86,4.192445
-148.343919,77,4.232616
-206.293495,132,4.312754
-200.050086,92,4.359607
-150.880541,126,4.425561
-328.965586,104,4.481947
-180.995494,112,4.547724
-144.204474,82,4.591788
-114.839584,82,4.636107
-119.324261,75,4.677556
-410.80159,106,4.738803
-78.9989,80,4.780978
-25.842964,95,4.83121
-15.446874,143,4.908481
-200.024007,61,4.944761
-110.548752,97,4.998863
-312.687342,125,5.067671
-146.483663,150,5.146408
-348.164756,80,5.191695
-93.697934,104,5.250434
-125.210037,87,5.301784
-91.364444,105,5.361821
-187.36726,136,5.440667
-317.093966,110,5.504088
-202.451076,75,5.545173
-348.499794,123,5.615003
-298.330646,94,5.669445
-105.532251,87,5.719331
-189.6645,111,5.777709
-243.355757,78,5.821231
-75.882719,67,5.86007
-80.43607,87,5.905105
-272.249357,101,5.960576
-236.252052,128,6.031852
-191.285313,83,6.078792
-209.795662,107,6.135837
-108.818853,66,6.171527
-355.58245,132,6.246263
3.168119,129,6.320734
-176.488422,103,6.375466
-146.359663,118,6.440821
-98.858192,96,6.493496
-244.091027,122,6.56926
-94.137065,83,6.612806
-416.452917,133,6.687186
-105.17837,95,6.737173
-279.82746,86,6.787866
-242.932481,73,6.828644
-160.453904,85,6.87382
-66.906919,68,6.911609
-69.465542,139,6.994213
-138.977568,110,7.054186
-59.757358,113,7.113627
-124.085042,136,7.188189
-164.018855,132,7.265692
-242.834864,111,7.329508
-143.355586,69,7.368602
-153.358366,98,7.419804
-254.187982,77,7.468556
-123.621289,107,7.53805
-198.543572,87,7.586076
-107.276293,142,7.665525
-80.373603,90,7.716593
-196.345115,123,7.784969
-227.800616,120,7.853162
-43.891432,85,7.897686
-81.84674,75,7.943339
-190.062253,69,7.981723
-167.105532,100,8.036728
-168.703785,93,8.086831
-247.584693,115,8.155812
-161.626383,83,8.203113
-245.677078,138,8.275418
-469.836962,106,8.335364
-121.817369,97,8.392061
-192.38388,116,8.459042
-210.516766,98,8.520081
-115.446015,121,8.586488
-100.186709,130,8.661932
-157.920609,112,8.738327
-210.750545,89,8.797046
-143.138788,92,8.845491
-98.697293,127,8.917653
-89.498466,63,8.95553
-64.269905,94,9.008852
-84.062638,117,9.072299
-139.853281,80,9.118427
-136.998889,81,9.16122
-156.918021,127,9.228977
-63.841349,70,9.265875
-100.154195,125,9.337915
-140.456267,113,9.398226
-90.346038,115,9.462754
-176.376785,68,9.498772
-67.045281,89,9.551955
-207.746396,81,9.596976
-85.323402,100,9.655643
-110.777732,98,9.713544
-77.235848,117,9.779523
-274.218338,130,9.847196
-158.349175,114,9.908983
-74.723977,75,9.949135
-87.612171,104,10.013651
-67.484576,72,10.05314
-221.556719,69,10.091997
-78.631154,187,10.193691
-173.387828,73,10.235009
-156.822425,92,10.284418
-115.785406,138,10.359712
-139.299463,124,10.427427
-125.606348,79,10.474289
-199.360465,143,10.554839
-93.64877,133,10.63004
-284.496929,80,10.675486
-94.162348,76,10.719363
-161.61015,87,10.766249
-185.689512,139,10.843182
-238.779805,116,10.90588
-162.79497,79,10.950313
-100.925744,73,10.992165
-12.828365,97,11.044068
-83.828547,87,11.092847
-373.858838,114,11.156343
-225.58533,109,11.216772
-140.952267,82,11.262211
-106.573497,80,11.31529
-50.806883,173,11.409726
-160.993702,156,11.496712
34.905806,112,11.562487
-115.546773,99,11.617228
-98.882406,124,11.689647
-492.346383,166,11.787475
-138.724671,105,11.865359
31.941913,138,11.944344
-175.617514,126,12.016112
-71.448513,117,12.079049
-157.892017,99,12.136894
-183.965622,107,12.191433
-87.707884,108,12.253605
-85.389802,125,12.329175
-162.011684,132,12.402526
-157.739083,82,12.448719
14.552871,71,12.492974
-120.808608,87,12.544718
-71.822424,100,12.600727
-86.802848,80,12.642939
-85.670168,112,12.710728
-135.303622,108,12.77178
-80.596468,83,12.81898
-66.423741,94,12.871498
-129.450641,99,12.930313
-138.190086,92,12.981996
-76.675305,74,13.023977
-101.845766,98,13.07791
-347.552387,146,13.159265
-118.146524,112,13.223289
-58.589125,192,13.329093
-104.683335,91,13.37777
-95.23716,130,13.45124
-75.860622,110,13.520169
-111.571917,79,13.567219
-69.500795,122,13.643248
-159.156421,112,13.71307
-345.429802,109,13.777868
-129.649329,149,13.861999
-124.976453,101,13.917745
31.815615,121,13.993558
-82.330804,73,14.037154
-39.862695,125,14.108755
-81.468359,100,14.164844
-133.40033,80,14.212582
-38.037579,123,14.278646
-256.849978,100,14.338447
-146.400736,82,14.383561
-100.867431,130,14.46341
-86.359733,96,14.521861
-86.158124,112,14.583082
-209.780577,112,14.646529
-131.068893,82,14.695848
-124.8278,74,14.73778
-138.151668,76,14.780825
-106.829831,82,14.826383
-442.617188,105,14.887574
-97.671566,83,14.935667
-71.618767,113,15.00137
-186.177537,114,15.067248
-104.158651,128,15.141101
-105.834726,127,15.211262
-208.918839,115,15.277093
-61.988084,94,15.331044
-76.054323,84,15.383086
-60.704943,80,15.426586
-117.406516,138,15.504427
-138.365524,125,15.575008
-175.908207,115,15.644279
-55.786909,132,15.716846
-18.800163,138,15.797085
-128.170883,118,15.863266
-335.641917,131,15.938694
-128.759943,92,15.990528
-124.785457,119,16.056879
-93.957487,92,16.108058
-95.469066,132,16.193396
-124.515795,151,16.275512
-86.701221,91,16.327857
-116.783226,104,16.386455
-101.831392,69,16.426016
-23.418229,80,16.472314
-113.923307,123,16.54652
-82.457812,89,16.595412
-86.257268,79,16.643277
-111.882101,96,16.697551
-48.51662,103,16.756354
-115.211131,86,16.802975
-100.234485,74,16.846569
-262.003725,196,16.954534
-87.471651,109,17.017321
-63.04829,96,17.069943
-64.430468,135,17.145283
-64.550301,74,17.186899
-86.53932,94,17.238942
-93.220442,80,17.285459
-118.449617,102,17.345558
-91.191496,78,17.391349
-179.502326,111,17.453033
-84.17583,120,17.524496
-115.474181,103,17.585779
-74.287694,70,17.626842
-143.900464,114,17.689121
-215.088236,135,17.76479
-78.16958,91,17.820341
-113.019413,83,17.868599
-108.919389,152,17.952621
-321.491347,98,18.008339
-91.076064,88,18.05742
-37.330989,89,18.108859
-72.784413,69,18.146889
-145.169023,107,18.205072
-51.643114,111,18.270631
-113.632387,88,18.327731
-155.406735,98,18.385508
-28.731039,132,18.459924
-119.620303,107,18.525611
-22.146034,111,18.590825
-262.621978,84,18.637504
-87.812467,79,18.686096
-70.901853,149,18.770513
-38.591238,147,18.867333
-70.013904,141,18.954933
-96.486205,97,19.011007
-173.550219,75,19.053947
-76.766325,115,19.120463
-111.795279,162,19.212063
-39.490543,68,19.250655
-136.318484,120,19.322148
-64.304993,113,19.387756
-96.62027,92,19.438498
-135.095586,69,19.477586
-69.842138,100,19.539671
-78.849329,98,19.593826
-84.85692,88,19.642763
7.473921,135,19.718959
-202.311591,162,19.840888
-82.51994,87,19.888897
-78.823588,150,19.97495
-47.366055,123,20.047372
-113.57917,101,20.11029
-40.6742,70,20.147216
23.105174,91,20.199757
-49.360755,129,20.266379
-74.005115,125,20.342222
-95.753469,118,20.406194
-96.693203,192,20.524441
-112.061687,124,20.59295
-128.934397,136,20.674648
-89.730444,126,20.748598
-110.055126,149,20.834362
-88.00129,84,20.879591
-52.046565,131,20.959815
-123.834207,111,21.025799
-115.870446,93,21.079467
-141.031243,99,21.135742
-100.678833,135,21.217972
-69.022778,135,21.293159
-78.804769,83,21.345518
-119.639176,101,21.401772
-146.130148,103,21.471415
-52.40182,121,21.54266
-97.702367,101,21.597541
-65.066863,116,21.663534
-97.071425,148,21.75354
-149.529591,118,21.821004
-27.693499,140,21.900058
-40.35244,92,21.965092
-68.458204,63,22.009118
-96.507359,132,22.085024
-108.106962,84,22.137894
-33.479698,72,22.175778
-2.551759,161,22.288681
-335.870021,168,22.414542
-162.580355,125,22.492724
-47.258321,142,22.586634
-72.129993,90,22.650122
-82.579825,136,22.7419
23.838881,170,22.850727
-85.025005,187,22.971829
-104.805933,137,23.062811
-14.829889,95,23.130173
-77.604575,107,23.196948
-49.550664,130,23.278939
-88.383659,93,23.341456
-67.224833,116,23.4061
-66.476561,106,23.469067
-50.78006,88,23.519842
-109.807258,124,23.59676
-116.416303,85,23.64974
-115.827994,96,23.702854
-68.723937,93,23.759242
-119.252126,131,23.833679
11.432803,104,23.892565
-70.721787,110,23.955378
-116.673331,104,24.01381
-128.932648,95,24.070067
-2.795716,128,24.141759
-48.051523,115,24.203175
-128.689424,124,24.273624
-11.16363,137,24.358273
-63.994622,119,24.422663
-69.072368,104,24.483289
-35.676428,106,24.551217
-125.088129,98,24.607078
-56.931155,97,24.662902
-10.269214,163,24.754786
-97.226746,114,24.821993
-66.310421,182,24.931204
-99.428428,104,24.995188
-97.059714,90,25.04467
-158.633135,158,25.131363
-79.965461,121,25.202792
-109.005195,117,25.271174
-90.24432,105,25.333958
-16.520266,143,25.412357
-97.59685,99,25.472322
0.647263,112,25.535229
-41.576353,100,25.590558
-131.989085,150,25.673642
-9.512556,164,25.767951
-110.185387,158,25.859377
-60.050788,75,25.900589
-149.245722,91,25.952945
-47.944378,167,26.053946
-81.186954,129,26.126544
-86.500642,97,26.180668
-47.964684,81,26.227984
-74.455123,106,26.292585
-45.160602,80,26.338888
34.16102,1000,26.92776
-78.609285,101,26.990903
-39.541299,138,27.080606
-80.686637,84,27.127844
-86.559809,96,27.18507
-62.211854,152,27.270874
-121.100693,132,27.358193
-59.54345,175,27.463011
-99.331679,75,27.506781
-54.478855,103,27.566673
-105.324869,114,27.639056
-82.692109,103,27.698499
-63.274141,136,27.777904
-94.548095,114,27.84929
-81.69517,114,27.921187
-91.245582,202,28.043839
33.729549,176,28.152232
-103.893381,163,28.248179
-14.573333,74,28.29609
-81.983942,114,28.361979
-63.09497,176,28.46113
-24.317116,100,28.521501
-119.689632,98,28.579633
-78.773479,102,28.661741
-29.845755,168,28.767518
-34.019167,196,28.880717
-145.787638,158,28.98629
-72.554303,118,29.065806
-97.182893,133,29.143238
-49.085239,162,29.259506
-7.913297,196,29.382122
12.87985,204,29.510274
-39.500829,127,29.592438
-82.730982,130,29.67059
-102.490386,86,29.72422
-27.398167,180,29.827886
-63.845287,183,29.936993
-92.242902,222,30.073661
-148.700283,167,30.174814
-73.27806,117,30.242073
-70.230416,132,30.321191
-17.8882,188,30.433361
-76.364148,180,30.5465
-87.902466,80,30.591805
-15.52635,127,30.665403
-49.364316,136,30.744719
-24.544631,128,30.823451
-80.800044,130,30.901174
-110.522384,147,30.987012
-39.399274,157,31.08368
-22.072808,152,31.178033
-41.415841,139,31.258047
-82.418026,148,31.352822
-84.083926,115,31.424753
-58.747355,81,31.474558
-29.730623,115,31.543017
26.444636,1000,32.160575
-81.752827,91,32.215714
-123.305875,202,32.334008
-107.250764,72,32.376548
-66.333045,76,32.420721
-6.838056,196,32.536755
-23.076487,198,32.654283
-35.46331,104,32.714893
-57.261112,150,32.802999
-59.426528,148,32.888588
-85.121269,73,32.934875
-61.532616,159,33.028047
-54.531604,158,33.122159
17.406592,150,33.210267
-79.745259,88,33.26575
-71.109409,110,33.333189
-16.194004,129,33.408324
3.951909,159,33.518682
-77.606865,137,33.603746
-108.819591,152,33.698813
-39.94086,317,33.884065
-68.324864,175,33.985695
-23.149377,169,34.089019
9.332178,294,34.25913
-49.190302,187,34.369224
-40.784826,268,34.526034
-62.266634,167,34.627073
9.944859,123,34.706119
-83.007243,169,34.804746
-65.406057,98,34.862665
-74.623378,146,34.950459
-35.889197,119,35.023857
-70.964498,108,35.088212
-35.590649,206,35.21372
19.84215,202,35.336678
-69.923282,220,35.468413
-48.070343,158,35.566175
-32.241827,128,35.642219
-43.202279,154,35.743441
-11.921161,153,35.834713
-85.743983,372,36.054081
-36.516996,144,36.142842
-34.118153,206,36.268738
-53.728384,258,36.425952
38.728145,165,36.526301
-49.077637,287,36.697296
-22.269714,116,36.772918
-61.711429,84,36.825027
-37.587229,218,36.955182
-41.79535,83,37.007555
-23.922253,157,37.105877
-37.908894,420,37.358931
-68.773185,280,37.52712
5.758427,387,37.755863
-100.098837,149,37.855949
-41.998217,178,37.967549
-76.574205,159,38.066401
-19.940087,384,38.297759
-71.334686,150,38.393205
-130.455344,259,38.545847
40.643604,243,38.692819
-29.511856,208,38.815452
-55.773038,179,38.930843
-72.168544,213,39.056503
-108.497213,130,39.155592
-85.385408,88,39.212506
-32.201948,210,39.336373
59.600562,198,39.457046
42.79901,261,39.615547
-82.670044,208,39.736988
-83.396331,140,39.822023
-139.263819,191,39.93903
32.888261,1000,40.580431
1.734868,358,40.802206
86.528303,1000,41.421052
-32.585851,183,41.528406
-69.565326,143,41.622794
-84.547739,716,42.068686
14.437642,270,42.286436
44.886712,1000,42.929882
-110.406917,152,43.02161
-120.285737,651,43.421988
-60.339855,167,43.529591
-70.366161,460,43.808509
-0.797271,350,44.027915
96.890509,1000,44.637433
-74.788187,200,44.789414
-56.222484,123,44.865561
41.775497,1000,45.479891
-44.016705,350,45.690735
60.188921,1000,46.289981
-26.617565,309,46.472041
-60.536449,176,46.585215
25.168803,1000,47.19219
-42.873048,1000,47.791438
-71.898935,195,47.905385
-101.930741,290,48.080765
-158.723209,259,48.240141
-83.781795,167,48.340801
-26.503483,192,48.454707
-93.979731,498,48.756397
-43.382554,402,48.994908
-83.315791,128,49.07394
-31.146402,338,49.300427
-136.064085,321,49.495059
23.53545,1000,50.129993
50.189179,1000,50.734692
-37.345872,90,50.786555
8.658593,265,50.953479
-78.113312,368,51.176886
-119.358415,323,51.379205
-79.76634,351,51.591054
-78.125352,232,51.735256
-68.851061,165,51.840555
-153.376708,463,52.122715
47.945109,1000,52.762036
-78.379471,199,52.882199
-76.085584,204,53.053759
-86.020967,282,53.2308
-107.480407,231,53.371961
-104.292213,112,53.440207
36.082616,393,53.679808
-115.648504,425,53.936135
-93.406558,198,54.056118
47.617091,1000,54.659453
-71.939677,622,55.04758
-108.503296,132,55.131037
-110.48763,122,55.210559
119.568153,1000,55.820734
22.846594,1000,56.433969
-96.286075,163,56.533528
-113.235764,117,56.602115
-78.160956,226,56.737263
-90.22316,223,56.868182
-120.206967,598,57.235397
-71.562999,334,57.454212
-91.058354,195,57.573413
-133.768091,383,57.80946
-135.01335,285,57.985466
-72.108642,218,58.117461
-106.677859,467,58.402129
-77.273925,178,58.508833
-94.444528,170,58.612077
-102.158832,306,58.794477
-99.943485,222,58.928757
-109.407029,116,59.002995
-158.922918,418,59.258251
-46.091964,265,59.443825
-77.418643,559,59.795915
-56.942984,335,60.002039
-110.548191,491,60.343478
-76.319577,292,60.522194
-80.193551,319,60.712103
-127.155866,333,60.91323
-81.994713,174,61.021941
-101.603159,173,61.129612
-78.65501,212,61.256958
-116.408495,443,61.527045
-117.238761,120,61.603495
-112.780379,326,61.813334
139.974739,955,62.424228
-43.959188,253,62.606463
-83.424012,168,62.712738
-75.222002,201,62.838819
-61.587791,1000,63.471362
-88.892265,273,63.641871
-104.147022,269,63.821597
-173.172637,305,64.025188
152.020991,951,64.606673
-202.347869,925,65.190311
179.496191,649,65.59208
-86.780789,423,65.849183
-65.337069,1000,66.514155
-45.232911,1000,67.205593
-16.634639,1000,67.96919
-72.76004,321,68.221961
-43.472144,1000,68.843612
-86.69775,186,68.954251
-93.127795,236,69.132317
24.556484,1000,69.785873
-120.61246,1000,70.42255
-38.398897,1000,71.040459
-51.445571,1000,71.651976
-44.896871,1000,72.286811
12.429423,1000,72.952023
-110.543365,1000,73.582039
-65.308645,1000,74.230618
-65.108726,1000,74.863027
-22.561826,1000,75.481998
-75.58312,1000,76.104707
-33.811063,1000,76.726023
-87.41278,1000,77.379319
-45.811581,1000,77.995974
-58.978131,1000,78.619304
-41.03657,1000,79.254784
-61.168861,1000,79.958612
-71.503024,1000,80.587558
-17.705716,1000,81.225498
-43.696,1000,81.863109
-85.204476,1000,82.585896
-43.088179,1000,83.316372
-28.583558,1000,83.958297
-7.496874,1000,84.588805
-70.994709,1000,85.223351
-77.049533,1000,85.874603
-15.294294,1000,86.504836
-4.490812,1000,87.128563
-11.031359,1000,87.7807
-24.213439,1000,88.459597
-42.663029,1000,89.112085
-13.556659,1000,89.777241
-62.047189,1000,90.463303
-61.805776,1000,91.139764
-61.726002,1000,91.789482
-62.283291,1000,92.458079
-24.327367,1000,93.199039
-60.37097,1000,93.859845
-35.762741,1000,94.518287
-58.113279,1000,95.16325
-9.365151,1000,95.816859
-71.998838,1000,96.444202
-58.822006,1000,97.075857
-57.272777,1000,97.728501
-37.557609,1000,98.380548
-20.949882,1000,99.032843
-14.103312,1000,99.676138
-45.25377,1000,100.340437
-23.346758,1000,101.016217
-35.016622,1000,101.652216
-40.282107,1000,102.296962
-76.814153,1000,102.955173
-35.977552,1000,103.607347
-33.239873,1000,104.226244
1.376159,1000,104.846408
-28.475224,1000,105.48171
-10.738692,1000,106.14679
-52.84288,1000,106.789505
-27.40952,1000,107.444724
-44.975404,1000,108.077577
-39.616633,1000,108.729048
-5.950857,1000,109.375774
-38.822686,1000,110.014488
-25.638491,1000,110.660196
-46.678539,1000,111.324238
-56.582362,1000,112.01459
-65.268632,1000,112.660887
-36.716835,1000,113.320527
-20.447914,1000,113.990571
-80.15865,1000,114.628278
-41.142141,1000,115.276399
-24.494915,1000,115.934258
-16.807331,1000,116.583556
-79.715324,1000,117.220271
-33.214609,1000,117.885271
-50.319877,1000,118.557752
-77.28365,1000,119.196088
-70.789118,1000,119.83303
-44.468491,1000,120.540396
-53.108265,1000,121.242677
-20.60038,1000,121.875379
-55.76128,1000,122.516439
-40.697542,1000,123.148143
-76.169694,1000,123.812912
-22.770827,1000,124.447856
-29.541016,1000,125.076259
-48.500844,1000,125.692352
-45.881676,1000,126.329958
-46.884796,1000,126.987804
-29.42232,1000,127.612987
-39.282154,1000,128.241968
-57.723638,1000,128.88529
-18.550823,1000,129.521058
-60.366106,1000,130.151266
-44.915532,1000,130.804753
-24.220463,1000,131.449877
-50.661039,1000,132.073879
-4.919617,1000,132.711488
-88.185468,1000,133.368237
-93.481773,1000,134.029455
-38.181952,1000,134.696122
-47.472228,1000,135.322622
-66.272022,1000,135.964967
-33.20866,1000,136.604637
-22.387058,1000,137.241897
-55.882136,1000,137.872165
-28.674942,1000,138.503883
-55.766458,1000,139.13955
-24.032125,1000,139.822288
-68.11073,1000,140.452924
-73.152464,1000,141.089277
-59.109304,1000,141.732618
-51.05148,1000,142.409129
-69.05404,1000,143.124028
-66.72384,1000,143.850445
-62.733277,1000,144.495041
-42.710822,1000,145.125399
-6.03275,1000,145.756409
-59.133953,1000,146.396099
-52.269528,1000,147.026219
-63.104496,1000,147.659865
-26.517023,1000,148.309921
-40.251782,1000,148.950975
-38.029351,1000,149.599754
-81.812647,1000,150.294912
-35.811312,1000,150.968824
-22.486462,1000,151.622978
-43.865182,1000,152.273968
-60.573047,1000,152.925479
-43.172643,1000,153.599173
-34.717349,1000,154.257636
-29.520184,1000,154.895049
-21.901413,1000,155.578415
-70.415911,1000,156.233759
-44.903506,1000,156.89233
-50.216645,1000,157.552204
-24.338961,1000,158.207925
-37.575562,1000,158.856264
-31.027694,1000,159.54251
-74.496703,1000,160.261192
-28.421832,1000,160.949425
-82.237641,1000,161.581985
-44.983324,1000,162.211286
-53.85996,1000,162.869096
-42.739264,1000,163.525625
-7.938414,1000,164.18009
12.139697,1000,164.846419
-60.683586,1000,165.492505
-94.10216,1000,166.138284
-35.605796,1000,166.770905
-55.472793,1000,167.398027
-37.610058,1000,168.062835
30.978295,1000,168.71236
-66.482484,1000,169.351557
-64.019514,1000,169.980653
-52.803717,1000,170.614876
-60.001127,1000,171.298944
21.347163,1000,171.984379
-41.562935,1000,172.628547
12.516128,1000,173.304332
-66.04711,1000,173.99837
7.627192,1000,174.666717
-62.185501,1000,175.308781
-43.991177,1000,175.956577
-10.524331,1000,176.613582
-95.938537,1000,177.252705
-51.306518,1000,177.896659
-87.050016,1000,178.562182
-46.113826,1000,179.211837
-60.242359,1000,179.855618
-42.697663,1000,180.491092
-57.047742,1000,181.154015
-43.381289,1000,181.876357
-89.551413,1000,182.521071
85.717226,951,183.140818
-43.438998,1000,183.783105
-76.339414,1000,184.448588
-102.97392,1000,185.070491
-26.640957,1000,185.737839
-105.496123,723,186.20496
-48.855217,1000,186.877789
-226.135286,980,187.522299
-126.030657,1000,188.151438
-21.171863,1000,188.780312
-131.632473,531,189.116064
-117.597734,542,189.471941
160.947019,812,190.017812
-40.062893,613,190.416271
134.652193,826,190.959792
-137.024047,773,191.497314
-158.439626,627,191.901871
121.903463,689,192.354294
29.862095,1000,193.003155
-228.88876,948,193.620514
-152.478649,579,194.012853
-182.962219,826,194.589516
-101.572071,369,194.830282
151.719945,936,195.439365
-128.229555,498,195.759561
-35.768716,1000,196.399136
-190.988922,978,197.041091
164.79788,958,197.666361
-170.43547,403,197.91867
-72.325875,247,198.081346
-177.918322,594,198.4562
76.463049,1000,199.097986
-162.38249,401,199.345624
-99.951528,229,199.495694
89.451217,784,200.070252
131.76755,903,200.681886
-105.414102,447,200.974036
183.38163,911,201.612148
-135.874,160,201.729925
-53.11429,1000,202.463008
-132.607576,120,202.553434
-192.841557,401,202.872711
-195.988294,295,203.092721
-138.077354,219,203.248878
-63.969439,246,203.415947
-171.332878,249,203.580541
-195.824926,226,203.727768
-148.760451,98,203.787971
-196.748236,265,203.959987
-201.739088,214,204.099208
-171.236014,129,204.178804
-176.202796,146,204.271017
-169.095021,535,204.635458
-225.365832,200,204.771393
-192.213195,163,204.874485
-67.873534,1000,205.526793
-90.049968,256,205.701566
-201.414125,159,205.808733
-195.55938,161,205.90964
-60.262141,148,206.007395
-58.306923,184,206.128405
-129.283706,375,206.375005
-206.051679,160,206.475879
-222.132596,979,207.122402
-209.078193,183,207.241666
-192.754118,97,207.310644
-67.720425,293,207.505952
-82.081685,149,207.602857
-208.402746,107,207.67515
-109.278285,296,207.867963
-93.686819,278,208.047714
-219.258023,119,208.124679
-70.947741,202,208.253736
-227.022531,181,208.376279
-226.345232,847,208.922009
-227.917383,164,209.03579
-204.20355,108,209.106354
-93.366053,263,209.282144
-176.943229,105,209.352982
-254.249539,375,209.596494
-94.443225,200,209.724174
-203.265755,106,209.79443
-178.286773,506,210.119416
-262.582949,406,210.377131
-193.398513,96,210.440032
-88.271289,165,210.55076
-211.199505,97,210.621509
-81.950184,183,210.740613
-93.474652,205,210.913337
-200.340654,97,210.982482
-242.133166,201,211.111494
-261.46845,472,211.442714
-103.5486,166,211.551222
-208.949696,136,211.642318
-138.309476,449,211.947329
-144.22927,370,212.192183
-133.45092,326,212.408209
-249.868416,231,212.565274
-150.691714,419,212.849756
-70.638702,233,213.023893
-119.633862,312,213.22088
-204.587385,116,213.299171
-111.500128,326,213.507987
-144.208901,645,213.939672
-185.126557,117,214.025559
-203.613377,122,214.104596
-96.828862,176,214.217935
-197.296622,96,214.284786
-83.150296,182,214.402633
-211.388077,279,214.599817
-231.023449,142,214.705747
-213.972961,134,214.790593
-80.29545,187,214.911507
-187.731817,96,214.979287
-191.675684,148,215.075841
-204.134942,144,215.168179
-217.973377,175,215.281748
-105.325411,301,215.482453
-186.504481,96,215.553411
-73.399908,229,215.70088
-98.83517,234,215.850454
-144.843557,498,216.180164
-172.724692,123,216.258634
-153.658111,360,216.492131
-129.690345,402,216.755284
-183.265235,418,217.026867
-132.74644,449,217.312675
-165.586469,110,217.382052
-121.875267,185,217.496987
-129.184113,387,217.753107
-162.332583,119,217.828795
-125.453142,278,218.004696
-71.530081,172,218.112228
-164.57689,115,218.186384
-96.289166,267,218.353242
-169.314316,426,218.615699
-108.155366,254,218.772835
-164.483455,245,218.926922
-189.347616,180,219.040027
-169.331333,132,219.121122
-84.77345,204,219.249173
-73.36958,219,219.38962
-154.19285,440,219.66195
-141.793773,498,219.977311
-120.855375,272,220.147581
-70.164432,172,220.260936
-113.444323,214,220.395706
-129.937132,423,220.660807
-164.248006,190,220.790788
-88.217879,183,220.930323
-160.621879,123,221.026337
-108.220813,292,221.241519
-131.377632,268,221.443161
-165.352843,116,221.540994
-117.658133,190,221.67304
-154.970035,242,221.829757
-173.849309,97,221.892765
-155.409177,557,222.260859
-148.173078,353,222.509604
-97.223554,229,222.678775
-170.226321,348,222.950207
-84.83788,216,223.093525
-78.019469,205,223.225226
-113.923583,203,223.358417
-80.296666,215,223.498518
-80.557403,240,223.65625
-160.218128,95,223.721198
-157.430357,577,224.102086
-129.809306,290,224.299269
-164.6592,149,224.42699
-96.699991,257,224.60253
-140.533783,428,224.898374
-150.417012,107,224.968224
-167.811769,400,225.219635
-146.991009,133,225.304489
-73.080266,190,225.425893
-158.353296,329,225.642452
-167.794813,187,225.7706
-146.910917,463,226.073762
-85.762562,283,226.256741
-182.273719,157,226.367776
-157.291108,437,226.648841
-178.385461,181,226.761116
-153.281243,392,227.013633
-105.356313,265,227.184988
-121.532839,352,227.422751
-102.186205,273,227.593695
-177.394557,510,227.919484
-156.242536,131,228.005285
-122.244513,343,228.225687
-181.279594,166,228.33693
-73.781405,232,228.484145
-177.118743,573,228.856552
-146.07655,116,228.933148
-131.925192,366,229.169431
-98.537888,297,229.36121
-113.567415,304,229.553566
-165.113209,392,229.810449
-109.864654,285,229.994695
-82.036259,267,230.162843
-159.810041,202,230.294197
-103.120075,267,230.467581
-144.543987,395,230.730053
-149.006883,132,230.813726
-161.472332,231,230.964995
-156.35943,118,231.044203
-155.808726,255,231.20897
-138.032964,175,231.322413
-146.658327,121,231.398116
-123.11314,347,231.624974
-151.284443,172,231.757869
-183.347677,681,232.205663
-170.145662,147,232.307307
-130.27759,362,232.551255
-184.776175,597,232.948288
-191.8764,569,233.324174
-82.725622,255,233.495315
-70.942768,238,233.655406
-120.285469,354,233.886555
-183.578436,584,234.275178
-178.661684,214,234.414263
-143.011894,159,234.517886
-97.084925,290,234.701542
-154.298396,569,235.088968
-112.332706,369,235.331739
-185.729183,459,235.631319
-120.700379,412,235.89975
-121.401866,405,236.167539
-110.899795,381,236.450746
-202.693789,657,236.868839
-195.268732,193,236.991272
-148.587918,110,237.063657
-120.159397,385,237.332047
-142.999586,128,237.422142
-207.494607,986,238.065413
-160.834035,210,238.200874
-151.635594,150,238.295164
-156.057216,132,238.382155
-127.119562,263,238.551302
-109.684646,392,238.807049
-141.935256,466,239.111816
-144.953857,607,239.509797
-140.990113,182,239.621846
-202.261308,625,240.017939
-249.185432,954,240.648733
-114.000121,410,240.947279
-138.762821,141,241.11313
-119.581312,138,241.284074
-134.715932,142,241.406689
-157.046305,484,241.76352
-195.969008,815,242.358812
-162.231488,168,242.472806
-140.878856,168,242.582963
-184.168245,248,242.748419
-62.648827,287,242.947182
-137.663803,137,243.039255
175.973254,790,243.577623
-165.544381,108,243.681274
-170.000051,189,243.852703
-59.59526,1000,244.680251
-69.52394,584,245.088126
-118.132729,189,245.244843
-138.668168,473,245.580619
-149.721614,455,245.979106
-123.384533,164,246.123354
-155.446344,108,246.216215
-135.885027,395,246.502548
-164.281469,135,246.587595
-217.162534,739,247.112081
-157.884056,1000,247.874292
-99.028488,358,248.139059
-116.904104,416,248.474311
-120.111258,204,248.647451
-75.629519,660,249.271382
-134.74637,171,249.39543
-82.073239,1000,250.231703
-132.472912,155,250.342376
-141.69909,273,250.529398
-134.603478,159,250.635596
-162.221705,1000,251.303554
-125.655234,550,251.694529
-164.539452,678,252.158014
-79.782669,1000,253.081447
-120.419818,455,253.457063
-178.170103,762,253.963817
-131.002962,164,254.07014
-129.745024,148,254.161623
-134.963219,149,254.251822
-148.385215,936,255.069242
-143.532844,120,255.180838
147.02949,849,255.850257
-86.220217,1000,256.658566
-63.994592,1000,257.442667
86.845325,1000,258.128905
